Date,Open,High,Low,Close,Volume,Dividends,Stock Splits,MA20,MA50,RSI,MACD,Signal_Line
2025-05-26 00:00:00+05:30,382.3812850692882,383.2753895851349,376.02317145697293,382.0335693359375,26722908,0.0,0.0,,,,0.0,0.0
2025-05-27 00:00:00+05:30,381.98388625922667,386.2557355388767,380.94076943820465,382.87799072265625,16859142,0.0,0.0,,,,0.018945351625120566,0.010525195347289204
2025-05-28 00:00:00+05:30,382.92767784083776,390.9249875686499,381.5865060003436,387.89495849609375,27549144,0.0,0.0,,,,0.1797160088285068,0.07986569267565706
2025-05-29 00:00:00+05:30,388.98774609078083,389.5341651677785,383.02700914963003,384.2688293457031,18562683,0.0,0.0,,,,0.11751326045981614,0.09261893379495213
2025-05-30 00:00:00+05:30,384.26883735303096,387.4479092483733,381.13945645729245,382.083251953125,23144580,0.0,0.0,,,,-0.005729886917663407,0.06336238313079949
2025-06-02 00:00:00+05:30,382.4806235036542,386.7028122046686,381.23880329747357,384.9642639160156,11943152,0.0,0.0,,,,0.043485728999428375,0.05797470474060652
2025-06-03 00:00:00+05:30,384.9642442298059,389.2360933934642,382.977332001523,383.47406005859375,18630318,0.0,0.0,,,,0.0067904104673175425,0.04502132533275533
2025-06-04 00:00:00+05:30,384.4675276488394,388.73937694000966,381.5865108954077,388.0439758300781,20648850,0.0,0.0,,,,0.19942021135943833,0.08212628111666252
2025-06-05 00:00:00+05:30,391.12372167953293,392.1171778887084,386.95119347384497,390.9250183105469,20746844,0.0,0.0,,,,0.4727174672837009,0.17235478285411512
2025-06-06 00:00:00+05:30,392.2661781416247,394.2530904986112,386.6531567967133,388.1433410644531,17366507,0.0,0.0,,,,0.5164273352525015,0.24944700797560962
2025-06-09 00:00:00+05:30,391.42171131406224,392.7131921430247,389.2360957227221,389.8818664550781,13744521,0.0,0.0,,,,0.6333912440126142,0.33345181298768495
2025-06-10 00:00:00+05:30,393.90536452034297,399.220361000523,392.1171555727477,394.7994689941406,26456073,0.0,0.0,,,,0.9806547905920979,0.47244386993225895
2025-06-11 00:00:00+05:30,395.64391496648386,395.64391496648386,388.0439814205334,390.32891845703125,18042738,0.0,0.0,,,,0.9726528361655369,0.5783054659677097
2025-06-12 00:00:00+05:30,390.22955571983164,393.16026343035384,383.0766897748686,384.8648986816406,15555771,0.0,0.0,,,53.30240829451685,0.6373568718998968,0.5906590641479071
2025-06-13 00:00:00+05:30,377.1656173411616,395.14717953176347,377.0166049837944,391.62042236328125,35564550,0.0,0.0,,,59.6596541808011,0.7772449525149909,0.6293371043805356
2025-06-16 00:00:00+05:30,393.5576508484238,401.85301582961904,391.6204295314417,401.207275390625,32061745,0.0,0.0,,,65.70212975105149,1.4550615110784975,0.7992650316574025
2025-06-17 00:00:00+05:30,403.14451824169424,404.833405927315,397.879212451263,399.12103271484375,24371681,0.0,0.0,,,60.125461742151074,1.82482773772972,1.009102697029762
2025-06-18 00:00:00+05:30,399.02164939654926,402.34973350267734,395.8922686439924,397.8791809082031,18879759,0.0,0.0,,,62.82770792274567,2.0073083223460912,1.212406212641639
2025-06-19 00:00:00+05:30,398.37590467335895,401.15756968607286,390.8753230840902,395.9419250488281,18220823,0.0,0.0,,,63.12317762140762,1.9988584071838318,1.371996591293529
2025-06-20 00:00:00+05:30,396.389021416201,407.3170395504822,395.14720117366903,405.5784912109375,122552435,0.0,0.0,390.2966369628906,,67.3060595175936,2.5963782474108825,1.619729083695804
2025-06-23 00:00:00+05:30,408.31051081525146,419.63590578158795,406.37325903824683,418.1457214355469,43017721,0.0,0.0,392.1022445678711,,74.54288347303573,3.858358550606795,2.0716229624428637
2025-06-24 00:00:00+05:30,423.6097113750074,423.709063057119,412.2843169254499,415.76141357421875,33807025,0.0,0.0,393.74641571044924,,70.24670689651329,4.629492889461233,2.5869997573816432
2025-06-25 00:00:00+05:30,417.5496027523511,417.6489544297447,402.34973596525816,403.3928527832031,29028317,0.0,0.0,394.5213104248047,,57.99868589633147,4.332365773902438,2.938145760832414
2025-06-26 00:00:00+05:30,406.2739133027358,411.19150315900634,404.1876492798288,407.4163818359375,25730795,0.0,0.0,395.6786880493164,,62.17060926373807,4.327063023389428,3.217247232780263
2025-06-27 00:00:00+05:30,407.81377282965167,414.07253480439306,406.8203166230021,411.78759765625,41398277,0.0,0.0,397.16390533447264,,63.38796020431268,4.575884648024385,3.4900051661671374
2025-06-30 00:00:00+05:30,413.92349194304427,420.2319444540981,411.53920328631233,418.74176025390625,20350621,0.0,0.0,398.8527801513672,,64.27722093358864,5.204251005984702,3.833893673369214
2025-07-01 00:00:00+05:30,422.02015685374556,433.14687776758603,421.3247557453027,429.4214172363281,35405785,0.0,0.0,401.15014801025393,,71.70431452256483,6.390020736693714,4.346358149106822
2025-07-02 00:00:00+05:30,428.22927401100026,429.91816164316157,419.8345874856437,424.1561279296875,22843521,0.0,0.0,402.95575561523435,,71.86289576240246,6.863630001714398,4.850788229305365
2025-07-03 00:00:00+05:30,424.901186314684,427.8815546162099,421.27504729352825,423.4606628417969,13499244,0.0,0.0,404.58253784179686,,68.99816781316429,7.103202342353541,5.301969220682738
2025-07-04 00:00:00+05:30,427.1861464538295,429.5704351611594,422.9639577970184,424.7521667480469,16618426,0.0,0.0,406.41297912597656,,65.59205715909408,7.30158700017887,5.702388471605182
2025-07-07 00:00:00+05:30,424.6528211088437,424.6528211088437,413.42674901358504,414.37054443359375,22221724,0.0,0.0,407.63741302490234,,59.09894752175971,6.612651176118504,5.884621487345178
2025-07-08 00:00:00+05:30,415.26467027709384,420.57966673775616,413.52612201636435,419.2384948730469,15970711,0.0,0.0,408.85936431884767,,62.21588846379402,6.356190136791952,5.979009999518351
2025-07-09 00:00:00+05:30,421.17575370650184,421.2254143876518,413.77449314258723,414.9169616699219,14956297,0.0,0.0,410.08876647949216,,60.56415417989648,5.762293427651571,5.935639195632206
2025-07-10 00:00:00+05:30,415.711717729129,416.754834508377,407.8137295963975,410.7940979003906,17914452,0.0,0.0,411.3852264404297,,53.09366712825943,4.924474728520067,5.733303705927789
2025-07-11 00:00:00+05:30,408.3105002243523,410.4961160023392,402.4491146788677,406.6216125488281,15186245,0.0,0.0,412.13528594970705,,42.408375068754886,3.90021703223681,5.366537593179044
2025-07-14 00:00:00+05:30,402.8464955284591,407.66476423892254,402.498779789335,404.63470458984375,17844425,0.0,0.0,412.306657409668,,42.631586605736125,2.9046984640693267,4.8740099329931805
2025-07-15 00:00:00+05:30,405.82682787937205,410.1980287745957,405.1313964633223,406.2738952636719,11971127,0.0,0.0,412.6643005371094,,52.22394032680422,2.216229768567189,4.342315864435889
2025-07-16 00:00:00+05:30,406.72091981338576,407.6150242365947,402.84644710089765,403.4921875,9173824,0.0,0.0,412.94495086669923,,46.911617915632704,1.4410665040244908,3.761945454135282
2025-07-17 00:00:00+05:30,403.4922140003199,406.02554540331425,400.4124938355553,401.55499267578125,7922270,0.0,0.0,413.22560424804686,,41.62600821959957,0.6703928516180895,3.143532182102575
2025-07-18 00:00:00+05:30,401.6046423594962,404.28698604971527,391.5707293377742,392.16680908203125,21172393,0.0,0.0,412.5550201416016,,29.085234810995473,-0.657687564782691,2.383187165537274
2025-07-21 00:00:00+05:30,392.01782790135707,398.3262809205076,388.5407311541897,397.33282470703125,12980473,0.0,0.0,411.5143753051758,,22.34596143032752,-1.2938449604324092,1.647702530201917
2025-07-22 00:00:00+05:30,400.36283703999635,402.0517246583826,397.1341044832222,400.4621887207031,12447434,0.0,0.0,410.7494140625,,28.80002140741756,-1.5364931738592418,1.010809208497939
2025-07-23 00:00:00+05:30,400.859570036162,402.25040262946555,394.00472843369147,397.5811767578125,10413255,0.0,0.0,410.45883026123045,,27.716045716820375,-1.9309290868368976,0.4224215058389461
2025-07-24 00:00:00+05:30,398.0779006494454,399.2700298663231,393.4086445091808,395.6439208984375,6767566,0.0,0.0,409.87020721435545,,25.211534593228293,-2.3673547842813605,-0.13556413181287322
2025-07-25 00:00:00+05:30,396.38898211988123,398.0778696094464,390.9249735944192,392.6138610839844,9202508,0.0,0.0,408.91152038574216,,28.820139499150642,-2.9166951446866847,-0.6918145625109198
2025-07-28 00:00:00+05:30,392.6138962492605,393.7563647978826,380.791743399177,386.70281982421875,19856033,0.0,0.0,407.3095733642578,,18.95736142711307,-3.772364017235816,-1.3079459225003802
2025-07-29 00:00:00+05:30,387.4478988500081,388.19299096318116,375.5264250392386,385.7093505859375,25307639,0.0,0.0,405.1239700317383,,20.242925553447535,-4.476573436552258,-1.9416890914919216
2025-07-30 00:00:00+05:30,388.3916865883668,389.83217978776514,382.48061048105495,383.9707946777344,11335944,0.0,0.0,403.1147033691406,,21.276612432010594,-5.1123661800505715,-2.5758386512114004
2025-07-31 00:00:00+05:30,376.5198719137994,385.70934108319955,376.32116856136514,380.5930480957031,9702316,0.0,0.0,400.97132263183596,,21.645026250418894,-5.8155468369770915,-3.223791848235857
2025-08-01 00:00:00+05:30,380.59307494899616,380.9904513640273,373.7382332566086,374.731689453125,8702605,0.0,0.0,398.47029876708984,399.0474963378906,19.960096484591034,-6.758129474014197,-3.9306694622859615
2025-08-04 00:00:00+05:30,376.51987391237793,387.6962553939459,373.9865729037059,387.0008239746094,13454379,0.0,0.0,397.1018127441406,399.14684143066404,34.04602537519149,-6.45834674846526,-4.436210691782248
2025-08-05 00:00:00+05:30,387.4478961576739,387.6962601936724,380.84141886368866,384.11981201171875,13482710,0.0,0.0,395.3458786010742,399.1716778564453,33.990143807597434,-6.375662748069487,-4.824104646212506
2025-08-06 00:00:00+05:30,389.43480883247753,390.92499304994874,384.5668797856467,387.1498718261719,16852693,0.0,0.0,393.95752410888673,399.1567761230469,38.30644382137431,-6.000140242629982,-5.059313484286511
2025-08-07 00:00:00+05:30,383.4740677322594,387.74591698140136,380.9904273972059,385.2126159667969,11520396,0.0,0.0,392.678450012207,399.17565185546874,43.577979324404836,-5.789746207508301,-5.2054008829587595
2025-08-08 00:00:00+05:30,382.77865308669107,384.8649171231422,381.0897957755651,382.083251953125,7139111,0.0,0.0,391.4515319824219,399.17565185546874,35.366972154674386,-5.80509033441615,-5.325339334179014
2025-08-11 00:00:00+05:30,381.4871690633313,385.8583701452734,379.0531893210632,381.3878173828125,8910936,0.0,0.0,390.2891876220703,399.1041229248047,30.799968298378616,-5.805606182595227,-5.421393063241923
2025-08-12 00:00:00+05:30,381.48716235792597,382.82833422666573,377.0662703544924,377.8610534667969,9329093,0.0,0.0,388.86854553222656,398.99186279296873,30.404703436422167,-6.017812699276362,-5.540677347485206
2025-08-13 00:00:00+05:30,379.69897275582633,387.34856732501834,379.5996210719922,386.3054504394531,10930440,0.0,0.0,388.0092086791992,398.95709228515625,41.78322645366994,-5.448930051471848,-5.522327844344202
2025-08-14 00:00:00+05:30,386.20584769640396,386.35520574469433,380.9282970138731,383.2683410644531,8046552,0.9,0.0,387.0948760986328,398.80395874023435,41.778043638652115,-5.180969158739742,-5.454055976440395
2025-08-18 00:00:00+05:30,386.3552249285131,388.09780648424737,379.4844808721172,380.8785400390625,11778056,0.0,0.0,386.53046264648435,398.6586627197266,44.53749763868774,-5.100816626885546,-5.383407998261713
2025-08-19 00:00:00+05:30,380.8785300781035,382.0734552689266,375.899725763357,378.43890380859375,11111204,0.0,0.0,385.5857666015625,398.4298034667969,43.36124768572444,-5.172779574830145,-5.341282261929397
2025-08-20 00:00:00+05:30,382.27258784095204,382.6708861070648,369.5268609960849,370.273681640625,20289349,0.0,0.0,384.0763412475586,397.93928771972656,38.80667588746897,-5.816362839443741,-5.436298470623892
2025-08-21 00:00:00+05:30,371.4188137845498,375.8001556443125,369.9251724422527,372.6137390136719,12680853,0.0,0.0,382.8279693603516,397.58498413085937,43.36678363617544,-6.068871095385191,-5.562813094844297
2025-08-22 00:00:00+05:30,372.2153886988177,378.3393421566636,372.016254764352,373.2609558105469,15246732,0.0,0.0,381.70882110595704,397.3529052734375,48.66132563567102,-6.146169205324554,-5.679484390176108
2025-08-25 00:00:00+05:30,376.24823995016146,378.4388955680221,369.9251525304778,370.4728088378906,8577673,0.0,0.0,380.60176849365234,396.92995300292966,31.81795597285803,-6.357640033434791,-5.815115586937511
2025-08-26 00:00:00+05:30,370.42302576047246,370.4728016462858,362.7058793904626,364.2991027832031,15718869,0.0,0.0,379.48158264160156,396.19178955078127,29.668636511902648,-6.9404309733417335,-6.040178754633997
2025-08-28 00:00:00+05:30,362.5067206044238,366.19104785711414,359.6688265291508,362.3075866699219,12218065,0.0,0.0,378.3114944458008,395.4555206298828,23.962940549558667,-7.475855357416265,-6.327314167472215
2025-08-29 00:00:00+05:30,360.7641374224891,369.4272688196348,360.06712307273597,367.83404541015625,12739664,0.0,0.0,377.50465698242186,394.85461791992185,33.06011497897764,-7.3713850994286645,-6.536128407551752
2025-09-01 00:00:00+05:30,368.381734839541,373.65925513520085,365.991884513452,372.3149719238281,8821349,0.0,0.0,377.09075317382815,394.3820788574219,40.72274518192099,-6.84966213801232,-6.598835166541899
2025-09-02 00:00:00+05:30,375.7005543971432,377.3435841007971,372.16561555518047,375.0035400390625,12169182,0.0,0.0,377.104345703125,393.77057983398436,44.157821481790954,-6.149255110386719,-6.50891914051514
2025-09-03 00:00:00+05:30,376.14865007467824,379.5840370618813,375.50141161876985,377.0946350097656,9919255,0.0,0.0,376.6090362548828,392.9495581054687,49.279734126273965,-5.364256410269263,-6.279986564329197
2025-09-04 00:00:00+05:30,379.88277690298605,379.88277690298605,370.42304851352765,370.9209289550781,9288078,0.0,0.0,375.94909210205077,392.05274841308596,34.897344362837615,-5.178786451592259,-6.059746518587825
2025-09-05 00:00:00+05:30,372.4145658397017,373.90820714654546,366.9378810479414,369.2281188964844,7325669,0.0,0.0,375.0530044555664,391.36945373535156,35.843372752515805,-5.109015455750182,-5.869600290000507
2025-09-08 00:00:00+05:30,370.0745155968549,372.9124401105854,369.2779190683244,370.3234558105469,6897641,0.0,0.0,374.3085464477539,390.6275952148437,39.07214547007888,-4.908997804551234,-5.677479779961756
2025-09-09 00:00:00+05:30,370.32345422259624,372.41455808628416,368.3319325216001,370.3732604980469,10598912,0.0,0.0,373.723046875,389.7993084716797,41.21477116422605,-4.692364205124932,-5.480456654370924
2025-09-10 00:00:00+05:30,372.11585440822313,387.3509837741323,371.46858552322493,386.4049987792969,23174318,0.0,0.0,373.9739059448242,389.1525732421875,64.99999148680652,-3.1936862069906624,-5.023102545166484
2025-09-11 00:00:00+05:30,387.948451614481,390.83615213862737,382.42196040226935,383.5173034667969,19042696,0.0,0.0,374.25671844482423,388.2344909667969,60.036653415104986,-2.212923168797829,-4.4610666504976075
2025-09-12 00:00:00+05:30,384.36369250325316,398.1549865113875,383.66664774498406,397.6072998046875,26356961,0.0,0.0,374.8218109130859,387.70351440429687,67.9647308221143,-0.2979073281082947,-3.6284347630332885
2025-09-15 00:00:00+05:30,398.3043424647357,401.39120719647934,394.02258293852367,396.76092529296875,18486916,0.0,0.0,375.4964401245117,387.1695196533203,69.96978367298303,1.138441682783025,-2.675059452814171
2025-09-16 00:00:00+05:30,396.7609294952146,401.5903453881819,394.5204675451209,401.1920471191406,12467341,0.0,0.0,376.5121154785156,386.6983172607422,78.78791053874876,2.6035632201839576,-1.6193348995615073
2025-09-17 00:00:00+05:30,403.781026832813,414.88375429200426,403.2831464051523,410.45263671875,31367478,0.0,0.0,378.11280212402346,386.6199591064453,83.74043414676504,4.4591338447916655,-0.40364113350731334
2025-09-18 00:00:00+05:30,413.240770666018,413.240770666018,406.46960874773873,408.1623840332031,12000897,0.0,0.0,380.00723724365236,386.39843688964845,79.60529234094548,5.679676097457218,0.8130223264434053
2025-09-19 00:00:00+05:30,407.2661776191736,411.69732544781976,406.51935700006754,407.1665954589844,16150731,0.0,0.0,381.734880065918,386.24342956542966,76.96455656989802,6.491867718701542,1.9487914151694914
2025-09-22 00:00:00+05:30,408.0627964907123,409.6560199764403,403.63167880739974,404.6772155761719,10884230,0.0,0.0,383.3056930541992,386.1210919189453,73.02938135124752,6.855893664166388,2.930211872071416
2025-09-23 00:00:00+05:30,404.67721965313103,405.9717270431687,400.59459392613803,402.7355041503906,11906108,0.0,0.0,384.91882781982423,386.0433697509766,69.94581726573753,6.90826050439307,3.725821603142012
2025-09-24 00:00:00+05:30,402.7354990196453,403.23337945834527,393.3255465729328,393.7736511230469,10835672,0.0,0.0,386.3925552368164,385.82614868164063,67.03788005649882,6.156526659239091,4.211962616613079
2025-09-25 00:00:00+05:30,393.77363872231393,404.7270080287682,390.78635618419,401.44097900390625,23804019,0.0,0.0,388.34922485351564,385.7294903564453,72.05183047463775,6.1083335724181325,4.591236809179432
2025-09-26 00:00:00+05:30,401.9388567097285,404.4282588080028,392.7280689461135,394.2217102050781,11687034,0.0,0.0,389.6686080932617,385.54408081054686,65.09435198784894,5.4256696570304825,4.758123379244341
2025-09-29 00:00:00+05:30,399.3001144094393,406.4197986510677,397.3583685307176,398.25457763671875,23390892,0.0,0.0,390.96558837890626,385.47807250976564,66.7664882748455,5.150378497397128,4.836574403060939
2025-09-30 00:00:00+05:30,403.2831466066071,404.6772057271114,400.14650598841985,402.23760986328125,14681751,0.0,0.0,392.32729187011716,385.67948852539064,61.13447353002406,5.193439755283123,4.90794747364078
2025-10-01 00:00:00+05:30,400.29587050997463,407.26619661338214,397.65711027704094,404.77679443359375,13156495,0.0,0.0,393.7113998413086,385.8283679199219,65.02464095380441,5.370369279627198,5.000431834978428
2025-10-03 00:00:00+05:30,405.0755190180912,412.0458452673873,403.38274373333155,410.9007263183594,16002501,0.0,0.0,395.7103897094727,386.037138671875,60.58685739256478,5.935916273329553,5.18752872287582
2025-10-06 00:00:00+05:30,410.9505126361802,413.1411682609187,405.77254409005405,411.4981689453125,14684188,0.0,0.0,397.8238922119141,386.315478515625,61.783431408624054,6.358975485532028,5.421818075634635
2025-10-07 00:00:00+05:30,411.4981756393407,413.78841346341665,407.3657741455289,408.5606689453125,11933246,0.0,0.0,399.73575286865236,386.5738134765625,56.03588307552935,6.383780912769282,5.614210643211066
2025-10-08 00:00:00+05:30,408.6602592336353,410.2534827198984,401.39121696208633,401.9388732910156,8668516,0.0,0.0,401.3140335083008,386.76031372070315,42.710985815399,5.802551540353704,5.65187882266301
2025-10-09 00:00:00+05:30,401.9886727746965,408.2619540598443,401.2916280149201,407.6147155761719,9035150,0.0,0.0,402.37451934814453,387.17855163574217,49.55680878618062,5.733557353580693,5.66821452885467
2025-10-10 00:00:00+05:30,407.2661771209237,413.7386224785912,406.6189386627987,411.7471008300781,13813014,0.0,0.0,403.78600921630857,387.699306640625,53.52761615745689,5.9436307513311135,5.723297773371875
2025-10-13 00:00:00+05:30,411.1994590297628,411.2492349174471,404.6274312803166,407.66448974609375,7858503,0.0,0.0,404.2888687133789,388.17318054199217,52.245505067165354,5.714960016789178,5.721630222054804
2025-10-14 00:00:00+05:30,408.2619412350048,412.3943426113271,399.89755632149047,400.69415283203125,10789648,0.0,0.0,404.485530090332,388.57520263671876,48.57338703863975,4.914885797199588,5.560281337042676
2025-10-15 00:00:00+05:30,401.291639013773,408.5109054724575,401.291639013773,406.3700256347656,10892830,0.0,0.0,404.74442901611326,389.20796936035157,59.22684247140014,4.6846215470285415,5.385149379004174
2025-10-16 00:00:00+05:30,407.3657851259235,410.95053039831953,407.3159788486255,410.0543212890625,11479498,0.0,0.0,404.7245132446289,389.6690393066406,56.70024043209408,4.744615639174526,5.257042631017368
2025-10-17 00:00:00+05:30,408.61048342122285,418.2195698411208,407.91343864953683,411.0500793457031,19566580,0.0,0.0,404.86889801025393,390.2076446533203,64.49400612739686,4.816951395792898,5.169024383960999
2025-10-20 00:00:00+05:30,414.7344055175781,415.77994228376684,410.7513620072052,414.7344055175781,10580573,0.0,0.0,405.2472885131836,390.75933532714845,64.27954549661396,5.112535292698169,5.1577265657072555
2025-10-21 00:00:00+05:30,416.37739544088697,417.37315629588767,414.83397827091983,415.9293212890625,2915071,0.0,0.0,405.8098937988281,391.37366943359376,62.46600433232898,5.381143063047205,5.202409865178973
2025-10-23 00:00:00+05:30,419.7131991643585,420.7089600164685,416.22803618197355,416.8752746582031,21980966,0.0,0.0,406.5168823242187,392.0695098876953,61.344530120123366,5.605702506834007,5.2830683935153635
2025-10-24 00:00:00+05:30,420.2110883694509,421.90389400868776,418.11998445869074,420.2608642578125,18720794,0.0,0.0,407.841242980957,392.8469708251953,59.25195935946697,5.9877570367861495,5.424006122177047
2025-10-27 00:00:00+05:30,423.1983565422036,423.1983565422036,412.842449895048,413.3901062011719,12158324,0.0,0.0,408.43869934082034,393.5575518798828,51.663740572941855,5.670887619076666,5.47338242155908
2025-10-28 00:00:00+05:30,415.0331284227572,415.0331284227572,409.1083693369713,411.7969055175781,12247991,0.0,0.0,409.3174591064453,394.0673809814453,52.91481201118593,5.230936998833727,5.424893337012352
2025-10-29 00:00:00+05:30,411.7969037744863,413.14118705320493,405.1253240465145,405.4738464355469,14498733,0.0,0.0,409.67842254638674,394.51149108886716,53.20110408438265,4.322336375947714,5.204381944793396
2025-10-30 00:00:00+05:30,406.07128007990156,408.90920470308146,402.5861169538026,408.1623840332031,11172780,0.0,0.0,409.9746612548828,395.05716796875,50.52430942261103,3.7756409407053297,4.918633743969533
2025-10-31 00:00:00+05:30,412.0458245731689,425.43882006339146,406.41978188929374,424.293701171875,51342361,0.0,0.0,410.95050659179685,395.9742639160156,59.767458988156754,4.590886526468466,4.853084300468172
2025-11-03 00:00:00+05:30,426.1856451609873,429.1729277205269,414.6348131864588,420.5097961425781,27222212,0.0,0.0,411.4309600830078,396.9789862060547,60.0467255143363,4.87549171018361,4.8575657824113225
2025-11-04 00:00:00+05:30,418.21955234758946,420.6093722833624,412.7428677335139,413.3901062011719,12831686,0.0,0.0,411.52555694580076,397.79451354980466,59.90676678981236,4.475045651954645,4.78106175631913
2025-11-06 00:00:00+05:30,409.25770259066473,413.24074592488046,405.72276378683193,407.0670166015625,12786294,0.0,0.0,411.4508743286133,398.470634765625,50.538429875396595,3.6059740752405673,4.5460442201013125
2025-11-07 00:00:00+05:30,406.27042176655857,414.23650846786364,403.58185534958443,412.4939270019531,10141248,0.0,0.0,411.97862701416017,399.31105712890627,51.83520042093838,3.316842426507492,4.300203861380786
2025-11-10 00:00:00+05:30,414.18673757271057,418.6178551207863,412.24499176058345,415.0829162597656,9288444,0.0,0.0,412.35203704833987,400.3267333984375,52.96269658568432,3.259019221135702,4.091966933330576
2025-11-11 00:00:00+05:30,415.38164996845944,426.0860795561272,415.38164996845944,425.4886169433594,24889361,0.0,0.0,413.0391128540039,401.59035400390627,57.19041120711186,4.006565373582987,4.07488662138098
2025-11-12 00:00:00+05:30,426.3350132761426,427.57971437200206,420.01192563153444,422.9494323730469,15221773,0.0,0.0,413.80335998535156,402.6926617431641,54.6108567953488,4.3440545878031,4.128720214665602
2025-11-13 00:00:00+05:30,421.3561906120078,423.39751855357974,417.2237892306822,418.0203857421875,9091428,0.0,0.0,414.6696716308594,403.60677001953127,50.71472081450326,4.165801352883193,4.136136442309142
2025-11-14 00:00:00+05:30,417.02463422223997,426.8826910044827,416.92508244723524,425.04052734375,14719899,0.0,0.0,415.6031967163086,404.607509765625,52.853750654128774,4.538630779700668,4.216635309787636
2025-11-17 00:00:00+05:30,426.1358860024919,427.679303230227,420.60939481746345,422.7502746582031,12996079,0.0,0.0,416.2379943847656,405.52062255859374,55.91195729861134,4.596327393909348,4.292573726612121
2025-11-18 00:00:00+05:30,422.7502743503268,427.629527029468,418.5182905612587,419.1157531738281,13340937,0.0,0.0,416.6412780761719,406.48451904296877,54.506438413411374,4.299239961275418,4.293906973544782
2025-11-19 00:00:00+05:30,418.21955896908855,422.4515426015139,413.29053058309756,421.406005859375,9661756,0.0,0.0,416.97485809326173,407.52807678222655,60.32256163799052,4.200169693207613,4.275159517477326
2025-11-20 00:00:00+05:30,423.1983698851673,425.38905595515104,420.4102516035609,421.20684814453125,10463382,0.0,0.0,417.23873443603514,408.5457446289063,58.73332012087357,4.05879873617954,4.231887361217727
2025-11-21 00:00:00+05:30,419.713214994374,421.555378717899,413.7386496563758,414.5850524902344,8395038,0.0,0.0,417.12422332763674,409.42998046875,42.5515914434366,3.3735816717781404,4.0602262233296775
2025-11-24 00:00:00+05:30,412.2449993266181,413.58928257597734,399.3001080434151,402.0882263183594,23696864,0.0,0.0,416.21559143066406,409.74364501953124,37.53371426494436,1.8014444448843392,3.608469867640331
2025-11-25 00:00:00+05:30,404.7767915324711,410.65177455702246,404.27891110008187,408.5108947753906,14107503,0.0,0.0,415.971630859375,410.24351684570314,46.66668334555061,1.061506934922761,3.0990772810965663
2025-11-26 00:00:00+05:30,408.51087920829184,414.7343843759989,406.7682977613338,413.5394592285156,8339381,0.0,0.0,416.0587585449219,410.56216003417967,54.5013780746686,0.8708065593436913,2.6534231367458156
2025-11-27 00:00:00+05:30,413.53947316635526,415.5309948871433,410.25347448233896,411.29901123046875,5251173,0.0,0.0,416.35001678466796,410.85292175292966,49.13043343079822,0.5327566277622395,2.2292898349489665
2025-11-28 00:00:00+05:30,412.24500912525616,413.4897102397648,406.9176822775171,410.0045471191406,6690232,0.0,0.0,416.44212493896487,411.0291717529297,46.23339173106262,0.15857373314275947,1.815146614587621
2025-12-01 00:00:00+05:30,414.1369484092208,417.4229775818122,411.7471283489248,415.4812316894531,9650320,0.0,0.0,416.0015014648437,411.12974365234373,41.99204288597278,0.30047307401594026,1.5122119064732238
2025-12-02 00:00:00+05:30,416.27781553243886,416.87527812631726,409.2577136219449,411.29901123046875,11215451,0.0,0.0,415.5409622192383,411.1924761962891,40.91614060719121,0.07461107947426626,1.224691741073386
2025-12-03 00:00:00+05:30,410.25347259733854,410.9505173516956,401.6899231596551,402.23760986328125,12294040,0.0,0.0,414.98333740234375,411.093896484375,38.43911899724776,-0.8260192808298257,0.8145495366926908
2025-12-04 00:00:00+05:30,404.07975846405645,407.76408592562854,400.04693900029616,405.4240417480469,10865110,0.0,0.0,414.901188659668,411.1088330078125,34.77588234764703,-1.2680472410569905,0.3980301811427116
2025-12-05 00:00:00+05:30,407.2661831854217,408.95898876714847,403.63166220040637,405.1750793457031,11774958,0.0,0.0,414.53524627685545,411.1576245117187,35.913789763488325,-1.6197742480523516,-0.005530704696334299
2025-12-08 00:00:00+05:30,404.7270170492327,404.7270170492327,383.3679342703167,384.7619934082031,25593778,0.0,0.0,413.01920013427736,410.9773913574219,28.301873699890365,-3.5052359719242077,-0.7054717581419552
2025-12-09 00:00:00+05:30,383.41770024807204,389.34248941621115,378.93677645683687,387.799072265625,19270896,0.0,0.0,411.1347229003906,410.7045532226563,28.971954764665355,-4.700235066454923,-1.5044244198045906
2025-12-10 00:00:00+05:30,388.34673751062127,389.79060292075246,384.1147538326209,385.7079772949219,8372979,0.0,0.0,409.27265014648435,410.53427856445313,28.301881865144253,-5.7497307253132135,-2.353485680906351
2025-12-11 00:00:00+05:30,384.3636890435988,388.346732453377,383.517286241379,385.8573303222656,7666925,0.0,0.0,407.6644973754883,410.28633361816406,30.931902981295494,-6.494546761139418,-3.1816978969529917
2025-12-12 00:00:00+05:30,386.35520688872106,392.4293541055928,386.35520688872106,387.799072265625,12661065,0.0,0.0,405.802424621582,409.99756286621096,38.97002668053697,-6.849185993649826,-3.9151955162923784
2025-12-15 00:00:00+05:30,387.4007612300449,390.73656628170284,386.35522445317497,389.09356689453125,9087687,0.0,0.0,404.1195892333984,409.6838983154297,33.72286555868284,-6.945720877467352,-4.521300588527386
2025-12-16 00:00:00+05:30,389.09356705183836,389.54167160679845,383.1190017228274,386.355224609375,8700626,0.0,0.0,402.48156280517577,409.19298828125,26.302106750166942,-7.1606394956674535,-5.049168369955408
2025-12-17 00:00:00+05:30,386.3552130488603,386.75351131456773,383.3679304737403,383.96539306640625,6612962,0.0,0.0,400.60953216552736,408.6423327636719,26.233780707200964,-7.438058951878588,-5.52694648634005
2025-12-18 00:00:00+05:30,382.4219561468656,385.16029858360804,378.83724126751684,381.82452392578125,7510229,0.0,0.0,398.64041595458986,408.10760986328125,25.853252896737303,-7.741425079916382,-5.96984220505532
2025-12-19 00:00:00+05:30,381.87429170050063,391.8319003497966,381.87429170050063,391.1846618652344,11595429,0.0,0.0,397.4703964233398,407.8925256347656,30.479993801849446,-7.144215699049369,-6.204716903854131
2025-12-22 00:00:00+05:30,391.33403012393524,397.6073115813247,391.23444795720303,397.2588195800781,9321669,0.0,0.0,397.22892608642576,407.68540771484373,39.052820783957465,-6.110358699548215,-6.185845262992948
2025-12-23 00:00:00+05:30,397.30858039849966,400.79374338445143,394.0723576258302,397.7068786621094,7734965,0.0,0.0,396.68872528076173,407.40460327148435,45.9192631843397,-5.194980850964271,-5.987672380587211
2025-12-24 00:00:00+05:30,397.308590927124,401.9388729392341,395.91453177344283,398.3043518066406,8097208,0.0,0.0,395.92696990966795,407.2174005126953,43.273752822568554,-4.370941234764871,-5.664326151422742
2025-12-26 00:00:00+05:30,401.29162503322124,405.8223247734737,395.46641794703254,396.76092529296875,13284184,0.0,0.0,395.20006561279297,407.13873596191405,42.24060635363236,-3.798636003828392,-5.291188121903871
2025-12-29 00:00:00+05:30,399.30009321732956,401.7397194084796,390.7863502678546,391.58294677734375,15690096,0.0,0.0,394.27898559570315,406.84299438476563,58.748392278553254,-3.720013802135668,-4.976953257950229
2025-12-30 00:00:00+05:30,394.12212301377053,395.3170481609764,387.8986178475083,391.6327209472656,37726382,0.0,0.0,393.08656005859376,406.4745623779297,55.32499506163838,-3.6120512845070607,-4.703972863261595
2025-12-31 00:00:00+05:30,394.2217091263055,399.5988115662219,394.022575191914,397.9060363769531,9409818,0.0,0.0,392.41691131591796,406.2116815185547,65.17966191295048,-2.985870688141233,-4.360352428237523
2026-01-01 00:00:00+05:30,398.20475474113465,399.0511575346954,392.9272344324536,396.01409912109375,6084786,0.0,0.0,392.1057357788086,405.837275390625,62.114021773550704,-2.6121690358961587,-4.010715749769249
2026-01-02 00:00:00+05:30,397.9558160427617,403.8806052319912,397.25880168345844,401.44097900390625,10950368,0.0,0.0,391.9065826416016,405.54750854492187,65.02191700170577,-1.856703895162525,-3.5799133788479036
2026-01-05 00:00:00+05:30,401.1422740677106,416.8255078292685,401.09246779109696,412.04583740234375,26097635,0.0,0.0,392.25012054443357,405.4509197998047,70.9736035445139,-0.3976898313453603,-2.943468669347394
2026-01-06 00:00:00+05:30,412.9420393660888,413.9378002226377,408.461115511619,411.34881591796875,9927677,0.0,0.0,393.5794616699219,405.27267883300783,73.72401478959816,0.6943418147752141,-2.215906572522872
2026-01-07 00:00:00+05:30,411.3488224192345,414.48546308929525,407.81385308969095,413.88800048828125,8279218,0.0,0.0,394.8839080810547,405.28263671875,78.32235299011191,1.7445643420394958,-1.4238123896103982
2026-01-08 00:00:00+05:30,413.9378067648217,421.1570730888995,412.29477701498064,413.88800048828125,22238704,0.0,0.0,396.2929092407227,405.32445861816404,81.63064028612372,2.54750711632812,-0.6295484884226945
2026-01-09 00:00:00+05:30,415.23227532986357,422.7502576080101,414.087156427579,416.8752746582031,22963210,0.0,0.0,397.8438064575195,405.5524871826172,78.98875615188493,3.385861857573616,0.1735335807765678
2026-01-12 00:00:00+05:30,417.72167867277983,418.02039477399614,408.8594131409158,415.9293212890625,14594852,0.0,0.0,399.2503189086914,405.70782592773435,73.82466492153529,3.928646759994251,0.9245562166201047
2026-01-13 00:00:00+05:30,417.97063024366406,420.55961461465586,407.6644990367261,411.9462890625,13393010,0.0,0.0,400.39295501708983,405.46087768554685,66.66671429296028,3.991401095790195,1.537925192454123
2026-01-14 00:00:00+05:30,409.2577146587487,419.016158960048,409.2577146587487,415.8297424316406,17676239,0.0,0.0,401.86668090820314,405.3672766113281,69.0476443187291,4.304871561743312,2.091314466311961
2026-01-15 00:00:00+05:30,415.8297424316406,415.8297424316406,415.8297424316406,415.8297424316406,0,0.0,0.0,403.4598983764648,405.4160693359375,71.44459384976322,4.501409678198172,2.5733335086892035
2026-01-16 00:00:00+05:30,414.7841760682113,415.4812208288403,404.62743348039635,408.5108947753906,18888193,0.0,0.0,404.7942169189453,405.44494689941405,68.16243723965138,4.020256475132555,2.8627181019778742
2026-01-19 00:00:00+05:30,408.26196103537984,413.14118327255085,405.9717231653436,411.0500793457031,8012134,0.0,0.0,405.78748779296876,405.41606994628904,69.77692569743357,3.8000251559373055,3.050179512769761
2026-01-20 00:00:00+05:30,412.1454153500886,413.6390566454295,404.2789106056019,407.6147155761719,32732305,0.0,0.0,406.30528259277344,405.2667059326172,60.49519074067476,3.3101287152354075,3.1021693532628904
2026-01-21 00:00:00+05:30,404.77680072851103,407.76408339071406,395.3170722982014,400.943115234375,19150437,0.0,0.0,406.4670944213867,404.7757958984375,54.82927669386773,2.3563783101001263,2.953011144630338
2026-01-22 00:00:00+05:30,404.2789199950914,416.52676674606244,404.2789199950914,415.531005859375,19763144,0.0,0.0,407.32842712402345,404.62742736816404,61.70391183243376,2.745988415848956,2.911606598874062
2026-01-23 00:00:00+05:30,417.22378709535235,417.22378709535235,406.7682983972588,408.958984375,12715222,0.0,0.0,407.938330078125,404.4461993408203,47.25177391676692,2.4956824356877405,2.8284217662367976
2026-01-27 00:00:00+05:30,414.68461748476284,417.4727357050885,409.8551712922261,414.1867370605469,15482165,0.0,0.0,409.06851959228516,404.22912353515625,52.33798669610573,2.688160831265236,2.8003695792424854
2026-01-28 00:00:00+05:30,416.228050383511,455.5606053838667,415.53100560796724,451.0796813964844,71986647,0.0,0.0,412.0408676147461,404.7957116699219,69.56523553955842,5.751350305753192,3.390565724544627
2026-01-29 00:00:00+05:30,452.3243603014436,454.0171658799798,436.39218690612586,442.6156921386719,42412510,0.0,0.0,414.276350402832,405.2657104492188,63.8768639477704,7.410553647572954,4.1945633091502925
2026-01-30 00:00:00+05:30,444.9557389168396,450.0341252954324,437.43772631682003,447.09661865234375,36684903,0.0,0.0,416.83047637939455,405.77952270507814,64.39071047859804,8.983500764197458,5.152350800159726
2026-02-02 00:00:00+05:30,430.16867845683504,439.4790482927439,418.46848870714103,437.23858642578125,43652893,0.0,0.0,418.62035675048827,406.10015747070315,59.35313954684566,9.327095998140692,5.98729983975592
2026-02-03 00:00:00+05:30,458.04998695033777,458.04998695033777,433.40490613072717,437.0892333984375,26696516,0.0,0.0,419.87252655029295,406.5502410888672,61.42016430718357,9.478088637617475,6.685457599328232
2026-02-04 00:00:00+05:30,434.9483453500733,441.5203733130986,431.96106267489915,437.33819580078125,12400181,0.0,0.0,421.17199554443357,407.25524047851565,60.1029056054513,9.508235509145436,7.250013181291673
2026-02-05 00:00:00+05:30,437.1390278378264,437.1390278378264,426.3350161746708,431.06488037109375,14345511,0.0,0.0,422.03083953857424,407.70632019042966,56.75794580647956,8.9230640174124,7.584623348515819
2026-02-06 00:00:00+05:30,431.164448729225,431.5627469922106,423.7460182297548,427.8286437988281,11078888,0.0,0.0,422.7278717041016,407.99210388183593,58.890915199464246,8.104747921491366,7.68864826311093
2026-02-09 00:00:00+05:30,430.1686772817316,437.7364656448853,427.679275214129,435.4461975097656,12162696,0.0,0.0,423.6564178466797,408.47504760742186,60.726780103503685,7.978922786272108,7.746703167743166
2026-02-10 00:00:00+05:30,436.1432422439779,439.4292408179298,431.7120944083617,435.4461975097656,10878065,0.0,0.0,424.6322616577148,408.9838806152344,62.61848744518736,7.789413932762727,7.755245320747079
2026-02-11 00:00:00+05:30,436.8403092321109,436.8403092321109,432.508743336178,435.6951599121094,8274702,0.0,0.0,425.8197052001953,409.3881591796875,66.730566989998,7.572030307126113,7.718602318022887
2026-02-12 00:00:00+05:30,435.1475055024796,443.0638166709096,432.75768546294563,442.01824951171875,16140306,0.0,0.0,427.1291305541992,410.0025439453125,63.8541550940558,7.819830169116528,7.738847888241616
2026-02-13 00:00:00+05:30,442.01825331400175,444.3085215955896,430.9653013493417,433.7036437988281,14086068,0.0,0.0,428.02282562255857,410.6318646240234,62.710985462598025,7.261587555028768,7.643395821599047
2026-02-16 00:00:00+05:30,431.2142211804464,436.740712095541,427.28098408101744,436.14324951171875,8156650,0.0,0.0,429.404443359375,411.2462487792969,61.61135650964209,6.936077139534348,7.501932085186108
2026-02-17 00:00:00+05:30,440.12630322896257,447.44515167930336,438.43349759972097,444.95574951171875,17963084,0.0,0.0,431.09972686767577,412.0418621826172,45.39326306993359,7.304995016841701,7.462544671517227
2026-02-18 00:00:00+05:30,448.092392391287,451.57755544321924,444.2587069565195,445.8021545410156,14341134,0.0,0.0,433.009098815918,413.2626654052734,52.7072955462144,7.578304875026788,7.4856967122191405
2026-02-19 00:00:00+05:30,445.80213848775077,447.3455556284585,431.1146661549299,433.5044860839844,9791516,0.0,0.0,434.6371673583984,414.1767736816406,39.80584302004879,6.725063995581763,7.333570168891666
2026-02-20 00:00:00+05:30,433.1559838769783,443.5118909770847,431.861506885044,439.2799072265625,9533724,0.0,0.0,435.8246124267578,415.24821228027344,51.63087311812018,6.440648654780318,7.154985866069397
2026-02-23 00:00:00+05:30,440.9228921771227,443.412294301854,433.85301445345345,437.8858337402344,12915631,0.0,0.0,437.27095489501954,416.2887823486328,50.6240171663888,6.033210321689467,6.930630757193411
2026-02-24 00:00:00+05:30,435.14749534186916,435.6453757713221,428.525691707787,433.20574951171875,12223376,0.0,0.0,438.22190551757814,417.19691589355466,46.972989116244804,5.271897820205709,6.598884169795872
2026-02-25 00:00:00+05:30,433.15598449515255,439.130549798534,431.7121190582178,437.437744140625,9469190,0.0,0.0,437.53980865478513,418.1637994384766,54.81201822440201,4.952944186855802,6.269696173207858
2026-02-26 00:00:00+05:30,438.73223196141475,447.9927956134826,438.1347693800728,447.1463928222656,13738213,0.0,0.0,437.76634368896487,419.3796228027344,63.287650413992715,5.421086750593531,6.099974288684994
2026-02-27 00:00:00+05:30,446.6983417682473,447.0966400469945,439.827597698174,442.81488037109375,22732811,0.0,0.0,437.55225677490233,420.5566125488281,55.308499640980386,5.38055269806955,5.956089970561906
2026-03-02 00:00:00+05:30,440.22589273443896,454.76400771321033,439.8275944586255,452.0256652832031,35034174,0.0,0.0,438.29161071777344,421.96063537597655,60.54467506292536,6.0222416517547686,5.969320306800479
2026-03-04 00:00:00+05:30,458.0499988355719,458.8964016501927,442.6157053965472,444.95574951171875,35193505,0.0,0.0,438.6849365234375,423.03605712890624,55.41958660183307,5.892378142107134,5.95393187386181
2026-03-05 00:00:00+05:30,446.8974541957692,465.9164923752496,443.9599779417617,458.04998779296875,38023711,0.0,0.0,439.72052612304685,424.25188049316404,58.69329799493887,6.768037964194775,6.116753091928404
2026-03-06 00:00:00+05:30,462.0,473.45001220703125,460.3500061035156,468.45001220703125,28154230,1.95,0.0,441.58978271484375,425.6667431640625,68.42470472902842,8.206598963031468,6.534722266149017
2026-03-09 00:00:00+05:30,470.0,470.0,450.0,457.3500061035156,21898419,0.0,0.0,443.06585083007815,426.84765625,60.29921391948536,8.354683792494484,6.898714571418111
2026-03-10 00:00:00+05:30,465.0,465.79998779296875,453.54998779296875,463.3500061035156,19398151,0.0,0.0,444.46104125976564,428.17943786621095,59.184199002076234,8.854126974475435,7.289797052029577
2026-03-11 00:00:00+05:30,463.5,469.79998779296875,453.25,454.1000061035156,16015126,0.0,0.0,445.39373168945315,429.4297790527344,53.82233153451631,8.406635280445698,7.513164697712803
2026-03-12 00:00:00+05:30,452.0,455.0,448.5,453.54998779296875,14089623,0.0,0.0,446.2864730834961,430.6681243896484,60.35443205589194,7.916358164696476,7.593803391109539
2026-03-13 00:00:00+05:30,451.8999938964844,452.3999938964844,433.6499938964844,439.3999938964844,19502809,0.0,0.0,446.1555603027344,431.49800354003906,50.05709099128822,6.313248751679168,7.337692463223466
2026-03-16 00:00:00+05:30,431.8999938964844,437.79998779296875,422.25,429.5,22324389,0.0,0.0,445.945378112793,432.1677215576172,46.31155913798079,4.195562511757146,6.709266472930202
2026-03-17 00:00:00+05:30,432.45001220703125,441.04998779296875,430.29998779296875,439.3500061035156,14421128,0.0,0.0,446.1057159423828,432.9259020996094,52.58494092645742,3.2743493113502495,6.022283040614211
2026-03-18 00:00:00+05:30,445.45001220703125,447.75,440.5,442.6000061035156,13700203,0.0,0.0,445.98792877197263,433.5369854736328,52.189901882473876,2.7745457811814163,5.372735588727653
2026-03-19 00:00:00+05:30,436.1000061035156,439.0,428.3999938964844,430.79998779296875,12237975,0.0,0.0,445.2378204345703,433.92600891113284,43.18652872808775,1.4100311753002757,4.580194706042177
2026-03-20 00:00:00+05:30,432.20001220703125,438.95001220703125,424.70001220703125,426.1000061035156,17599734,0.0,0.0,444.8675964355469,434.1702490234375,43.05427932217869,-0.05002897695891306,3.654149969441959
2026-03-23 00:00:00+05:30,420.6000061035156,421.75,404.0,405.5,18894757,0.0,0.0,443.17860107421876,434.0024890136719,32.33840228859472,-2.8366857761487267,2.355982820323822
2026-03-24 00:00:00+05:30,412.5,417.45001220703125,408.75,414.45001220703125,14642804,0.0,0.0,442.0068099975586,433.95398376464846,38.58269497247132,-4.273675969296505,1.030051062399756
2026-03-25 00:00:00+05:30,416.29998779296875,422.0,412.54998779296875,413.45001220703125,15134997,0.0,0.0,441.0190231323242,433.90439758300784,31.646109801939758,-5.430592197341184,-0.2620775895484323
2026-03-27 00:00:00+05:30,411.8999938964844,413.45001220703125,403.25,404.75,21818224,0.0,0.0,439.38463592529297,433.76047180175783,23.41402911345199,-6.969138963831767,-1.6034898644050999
2026-03-30 00:00:00+05:30,400.0,413.25,399.3500061035156,400.6499938964844,22694742,0.0,0.0,437.05981597900393,433.4568768310547,24.86702674507444,-8.422198696916325,-2.9672316309073454
2026-04-01 00:00:00+05:30,415.0,430.20001220703125,412.6499938964844,418.70001220703125,25301241,0.0,0.0,435.8540725708008,433.5142822265625,32.11855431087142,-8.02476893629131,-3.9787390919841386
2026-04-02 00:00:00+05:30,417.0,423.6000061035156,407.5,421.6000061035156,19686517,0.0,0.0,434.3327896118164,433.776064453125,36.28692689434227,-7.3906034549168,-4.661111964570671
2026-04-06 00:00:00+05:30,422.0,428.04998779296875,420.0,427.1499938964844,12327836,0.0,0.0,433.4425018310547,434.09806274414063,39.31174600287779,-6.36679271373697,-5.0022481144039315
2026-04-07 00:00:00+05:30,424.0,429.0,420.6499938964844,427.79998779296875,11417162,0.0,0.0,431.9300018310547,434.50176818847655,44.72727141577387,-5.440254386704396,-5.089849368864025
2026-04-08 00:00:00+05:30,440.0,440.0,428.79998779296875,433.1000061035156,20054221,0.0,0.0,430.1625015258789,435.14490600585935,51.707781891503984,-4.229543382456029,-4.917788171582426
2026-04-09 00:00:00+05:30,425.0,443.29998779296875,424.5,439.75,19917307,0.0,0.0,429.2825012207031,435.62928588867186,50.19569164836957,-2.7022968873506557,-4.474689914736072
2026-04-10 00:00:00+05:30,444.1000061035156,447.45001220703125,440.45001220703125,442.45001220703125,10833065,0.0,0.0,428.2375015258789,436.2991064453125,49.92622045478222,-1.2595552577966487,-3.8316629833481874
2026-04-13 00:00:00+05:30,435.0,445.5,434.0,441.54998779296875,15149734,0.0,0.0,427.61000061035156,436.84637145996095,55.92286103027274,-0.18664504006716243,-3.1026593946919823
2026-04-15 00:00:00+05:30,447.5,449.20001220703125,444.79998779296875,447.6499938964844,9915383,0.0,0.0,427.3150009155273,436.77777770996096,61.692874557801865,1.142691296916155,-2.253589256370355
2026-04-16 00:00:00+05:30,449.8500061035156,457.0,448.8999938964844,455.6499938964844,12197884,0.0,0.0,428.1275009155273,437.0384637451172,81.52102066331453,2.8093486170913593,-1.241001681678012
2026-04-17 00:00:00+05:30,458.0,463.75,454.45001220703125,462.75,14128030,0.0,0.0,429.79000091552734,437.3515313720703,81.08104392798958,4.649501131979093,-0.06290111894659067
2026-04-20 00:00:00+05:30,462.0,464.3999938964844,456.0,457.54998779296875,9914017,0.0,0.0,430.7,437.75775939941406,76.92303392850621,5.623414520537267,1.0743620089501813
2026-04-21 00:00:00+05:30,457.5,461.79998779296875,449.45001220703125,451.5,13492130,0.0,0.0,431.1449996948242,438.0459747314453,79.49524542275188,5.839747483825363,2.027439103925218
2026-04-22 00:00:00+05:30,450.79998779296875,451.8500061035156,444.70001220703125,448.70001220703125,11538028,0.0,0.0,432.04000091552734,438.2732110595703,80.82103397961137,5.719328448728106,2.765816972885796
2026-04-23 00:00:00+05:30,451.70001220703125,455.70001220703125,444.5,449.95001220703125,15021500,0.0,0.0,433.2325012207031,438.6509136962891,75.55191130292789,5.659520615774568,3.344557701463551
2026-04-24 00:00:00+05:30,450.0,451.20001220703125,438.75,444.45001220703125,11651499,0.0,0.0,435.1800018310547,438.9833410644531,67.9215648353416,5.109420236352378,3.6975302084413166
2026-04-27 00:00:00+05:30,445.0,448.29998779296875,432.95001220703125,435.6000061035156,18502535,0.0,0.0,436.2375015258789,438.9864172363281,56.301272224791276,3.914219520941117,3.740868070941277
2026-04-28 00:00:00+05:30,435.6000061035156,441.0,433.54998779296875,435.75,10883746,0.0,0.0,437.35250091552734,438.9924932861328,55.97295745609691,2.9451675386980583,3.5817279644926336
2026-04-29 00:00:00+05:30,437.04998779296875,442.79998779296875,435.25,437.54998779296875,9507163,0.0,0.0,438.9925003051758,439.02958984375,53.5289297360194,2.295964382199543,3.3245752480340154
2026-04-30 00:00:00+05:30,436.45001220703125,436.45001220703125,424.5,431.29998779296875,15795581,0.0,0.0,440.525,438.815224609375,43.25617804138114,1.2625891038772465,2.912178019202662
2026-05-01 00:00:00+05:30,431.29998779296875,431.29998779296875,431.29998779296875,431.29998779296875,0,0.0,0.0,441.1549987792969,438.7671514892578,40.70056535138223,0.4385761183772843,2.4174576390375866
2026-05-04 00:00:00+05:30,433.0,438.6000061035156,428.6000061035156,433.54998779296875,10764998,0.0,0.0,441.7524978637695,438.7152862548828,43.474713219341275,-0.03252894239665238,1.9274603227507388
2026-05-05 00:00:00+05:30,433.5,436.5,429.29998779296875,433.3500061035156,11671943,0.0,0.0,442.06249847412107,438.48317138671877,37.093865301711084,-0.4172106038012089,1.4585261374403493
2026-05-06 00:00:00+05:30,437.0,439.6499938964844,435.1499938964844,438.20001220703125,9748728,0.0,0.0,442.5824996948242,438.33112854003906,33.30144317565227,-0.32694976387176666,1.1014309571779262
2026-05-07 00:00:00+05:30,439.8999938964844,441.0,433.5,439.45001220703125,15696400,0.0,0.0,442.9,438.4500390625,24.892234717192594,-0.15279155975372305,0.8505864537915963
2026-05-08 00:00:00+05:30,439.0,443.79998779296875,437.79998779296875,439.70001220703125,11164661,0.0,0.0,442.8975006103516,438.45844116210935,28.468037860983983,0.00534140974463071,0.6815374449822031
2026-05-11 00:00:00+05:30,438.0,439.1499938964844,431.0,431.95001220703125,7631226,0.0,0.0,442.37250061035155,438.3397247314453,27.34646073590214,-0.48905972120189745,0.447418011745383
2026-05-12 00:00:00+05:30,430.20001220703125,432.5,415.5,416.5,15199825,0.0,0.0,441.1200012207031,438.00560974121095,21.1469361548062,-2.1033172997850897,-0.06272905056071171
2026-05-13 00:00:00+05:30,416.6000061035156,432.0,415.75,428.25,13230827,0.0,0.0,440.1500015258789,437.8218548583984,33.634980239519294,-2.406757663156725,-0.5315347730799145
2026-05-14 00:00:00+05:30,431.0,435.1499938964844,424.45001220703125,428.8500061035156,9807792,0.0,0.0,438.8100021362305,437.45592712402345,37.2964107050108,-2.5692046673824507,-0.9390687519404218
2026-05-15 00:00:00+05:30,428.8500061035156,429.5,422.20001220703125,423.6499938964844,7593616,0.0,0.0,436.85500183105466,437.07262939453125,39.65366908482143,-3.0820150612646557,-1.3676580138052687
2026-05-18 00:00:00+05:30,423.8500061035156,427.79998779296875,414.6000061035156,426.6000061035156,10452161,0.0,0.0,435.30750274658203,436.5641162109375,42.4442682663148,-3.213338299973884,-1.736794071038992
2026-05-19 00:00:00+05:30,428.3999938964844,430.8999938964844,419.29998779296875,422.95001220703125,13350029,0.0,0.0,433.88000335693357,436.12400146484373,38.30130619095781,-3.5707752399079595,-2.1035903048127857
2026-05-20 00:00:00+05:30,416.29998779296875,420.0,407.0,413.29998779296875,28012723,0.0,0.0,432.1100021362305,435.22900146484375,36.322198599717275,-4.579928344158304,-2.59885791268189
2026-05-21 00:00:00+05:30,420.0,426.1000061035156,418.04998779296875,420.3999938964844,19789651,0.0,0.0,430.63250122070315,434.2680010986328,42.524015306500495,-4.752000197105133,-3.0294863695665386
2026-05-22 00:00:00+05:30,421.45001220703125,421.45001220703125,415.45001220703125,416.54998779296875,9175611,0.0,0.0,429.2375,433.4520007324219,38.590613374143565,-5.13978347100317,-3.4515457898538653
2026-05-25 00:00:00+05:30,419.29998779296875,422.54998779296875,417.29998779296875,421.8500061035156,8858096,0.0,0.0,428.55,432.6220007324219,42.77639077174106,-4.962235762676642,-3.753683784418421
